Person_ID,Day_ID
6309,1
9671,1
10257,1
1998,1
2057,1
2361,1
2577,1
2896,1
2955,1
3048,1
3808,1
4172,1
4435,1
4585,1
4950,1
5061,1
5114,1
5179,1
6232,1
6703,1
7124,1
7540,1
7823,1
7856,1
8258,1
8730,1
9228,1
10283,1
10652,1
11420,1
11421,1
11695,1
4733,2
7319,2
2273,2
2562,2
2892,2
3366,2
4938,2
5290,2
5589,2
6531,2
7878,2
8685,2
8767,2
9032,2
10053,2
10292,2
10970,2
11071,2
11393,2
2171,3
3983,3
4270,3
5884,3
6125,3
6892,3
7467,3
7890,3
8084,3
8477,3
8596,3
9241,3
9458,3
10393,3
11794,3
5479,4
7292,4
8119,4
9630,4
3843,4
4186,4
4300,4
4621,4
5062,4
5231,4
6396,4
8094,4
10020,4
11081,4
11232,4
10155,5
11321,5
11329,5
2293,5
2617,5
3158,5
3698,5
3768,5
3937,5
4552,5
5043,5
5303,5
5336,5
5348,5
6216,5
7040,5
7615,5
8480,5
8575,5
8849,5
10056,5
10435,5
11489,5
12060,5
12064,5
4687,6
6691,6
9660,6
1839,6
2964,6
3793,6
4148,6
4357,6
4362,6
4495,6
4639,6
4650,6
5802,6
6098,6
6196,6
7195,6
7411,6
10022,6
10829,6
11440,6
6472,7
2182,7
2927,7
3062,7
3173,7
3303,7
4074,7
4319,7
5600,7
5949,7
6094,7
7094,7
7485,7
8504,7
8598,7
8966,7
9179,7
9291,7
10144,7
10886,7
4750,8
6696,8
11581,8
2569,8
3300,8
3535,8
4209,8
4286,8
5040,8
6332,8
6470,8
6546,8
6980,8
7151,8
8856,8
10472,8
10763,8
11700,8
7271,9
2136,9
2778,9
3381,9
3905,9
4410,9
4500,9
4894,9
4914,9
5691,9
6282,9
6864,9
6974,9
7090,9
7900,9
8609,9
9303,9
10332,9
10525,9
6670,10
1842,10
2806,10
2966,10
3197,10
3527,10
4779,10
7045,10
7142,10
7515,10
9903,10
10421,10
10791,10
3171,11
4119,11
5552,11
5881,11
6575,11
7070,11
8207,11
8840,11
9919,11
10764,11
11748,11
6713,12
7326,12
10177,12
1932,12
2947,12
3153,12
3157,12
4482,12
4870,12
5079,12
5265,12
5747,12
6247,12
6935,12
7395,12
7653,12
7866,12
7914,12
8781,12
8976,12
8980,12
9260,12
9834,12
9886,12
10388,12
10391,12
10614,12
10827,12
11524,13
1954,13
3803,13
4335,13
6389,13
7107,13
7753,13
8736,13
8865,13
8942,13
10691,13
10830,13
11833,13
8214,14
2495,14
2630,14
2638,14
4127,14
4523,14
5353,14
6053,14
6758,14
6824,14
7527,14
7580,14
8408,14
9391,14
11453,14
11961,14
11979,14
6728,15
9488,15
11315,15
3053,15
3174,15
3350,15
3841,15
4803,15
5597,15
6016,15
6025,15
6043,15
6593,15
7474,15
7513,15
7668,15
7992,15
8434,15
9245,15
9259,15
10565,15
10576,15
11775,15
5470,16
11513,16
2685,16
2972,16
3796,16
5827,16
6552,16
7041,16
7209,16
7591,16
8493,16
8822,16
10141,16
10711,16
9533,17
2231,17
2271,17
2304,17
2491,17
2541,17
2854,17
2889,17
4035,17
4342,17
8432,17
9272,17
10544,17
10850,17
11075,17
12052,17
5461,18
6649,18
7320,18
9596,18
9748,18
10246,18
2115,18
2364,18
2441,18
2946,18
4149,18
4160,18
5011,18
5369,18
5389,18
5864,18
6122,18
6231,18
6252,18
7399,18
8940,18
8965,18
10046,18
10861,18
11023,18
11963,18
2153,19
4375,19
4672,19
5008,19
5534,19
5820,19
6474,19
6559,19
7042,19
7182,19
7751,19
8834,19
8926,19
9318,19
11041,19
11344,19
11371,19
3170,20
4273,20
5375,20
5523,20
7716,20
8800,20
8889,20
9006,20
10349,20
10532,20
11839,20
11942,20
12022,20
9511,21
9652,21
11284,21
11331,21
2030,21
3194,21
3897,21
4323,21
6759,21
7585,21
8098,21
8498,21
9001,21
9192,21
9930,21
10539,21
10768,21
10909,21
4719,22
5409,22
10190,22
11314,22
11604,22
2297,22
2690,22
3203,22
3427,22
4282,22
5854,22
5940,22
6156,22
6934,22
7086,22
7705,22
7865,22
8285,22
8337,22
9232,22
9757,22
9910,22
10439,22
4724,23
5425,23
9517,23
10153,23
2502,23
2752,23
2855,23
3141,23
3794,23
4076,23
4642,23
6032,23
7561,23
8775,23
8972,23
10101,23
10646,23
10775,23
11755,23
11767,23
4699,24
7299,24
7330,24
11599,24
11607,24
2105,24
2324,24
2397,24
2899,24
3301,24
3778,24
4543,24
5716,24
5800,24
6009,24
6787,24
7085,24
8027,24
8247,24
8411,24
9217,24
9362,24
9447,24
10314,24
10450,24
11396,24
4692,25
9678,25
9696,25
9703,25
11552,25
11570,25
1877,25
2233,25
3362,25
3380,25
4886,25
4889,25
6259,25
6442,25
7254,25
7596,25
8622,25
8983,25
9005,25
10703,25
11256,25
11720,25
11856,25
11895,25
2145,26
2856,26
2920,26
5097,26
6265,26
8600,26
9167,26
9265,26
9933,26
10330,26
10342,26
10395,26
10684,26
5483,27
2816,27
2939,27
2959,27
3271,27
3653,27
3767,27
4089,27
4929,27
5131,27
5168,27
5296,27
5873,27
6890,27
7122,27
7250,27
7390,27
7396,27
7868,27
8524,27
8601,27
8679,27
9429,27
10018,27
11150,27
11747,27
7264,28
9623,28
11547,28
1890,28
1958,28
2197,28
3116,28
3175,28
3215,28
3580,28
3602,28
4123,28
4170,28
4965,28
5154,28
6165,28
6736,28
8500,28
9270,28
9755,28
10269,28
10464,28
10863,28
11916,28
7323,29
2323,29
3513,29
3641,29
3709,29
4081,29
4531,29
4555,29
4656,29
4994,29
5737,29
7076,29
7130,29
7874,29
8996,29
9948,29
9960,29
10938,29
11049,29
11078,29
11443,29
11780,29
2733,30
2849,30
3231,30
3529,30
4201,30
6413,30
7032,30
9058,30
9073,30
6638,31
3066,31
3337,31
3375,31
3429,31
4341,31
4449,31
5611,31
5980,31
6290,31
6408,31
6455,31
6627,31
7602,31
8226,31
9311,31
9321,31
10063,31
10965,31
10977,31
11151,31
9504,32
2111,32
2144,32
2205,32
2414,32
3187,32
3807,32
3811,32
4217,32
4558,32
4795,32
4823,32
4912,32
5036,32
6573,32
6748,32
6766,32
7098,32
7112,32
7164,32
8014,32
9932,32
10339,32
10558,32
10924,32
12046,32
10425,33
4688,33
8125,33
2310,33
2360,33
3442,33
3515,33
3619,33
3901,33
4101,33
4298,33
4620,33
4935,33
5004,33
5359,33
7907,33
8204,33
8843,33
9293,33
10521,33
10624,33
10946,33
10990,33
11361,33
11374,33
7290,34
7312,34
9665,34
2300,34
4042,34
4646,34
4959,34
5708,34
5721,34
7672,34
7983,34
10328,34
10547,34
11622,34
6635,35
6708,35
7280,35
8142,35
2192,35
2216,35
2715,35
3148,35
3321,35
3782,35
4013,35
4618,35
4663,35
5096,35
5931,35
6729,35
8422,35
9236,35
9404,35
10852,35
10226,36
1845,36
1937,36
2268,36
2413,36
2876,36
3446,36
3706,36
4171,36
4573,36
5781,36
6405,36
7427,36
7572,36
8044,36
8087,36
8475,36
9754,36
9826,36
9898,36
10821,36
11215,36
11231,36
11403,36
9519,37
11319,37
2412,37
3383,37
7607,37
7761,37
9786,37
11707,37
11784,37
11859,37
12057,37
11320,38
2055,38
2335,38
2460,38
2714,38
2916,38
2922,38
3802,38
4551,38
5251,38
9128,38
9329,38
9401,38
10550,38
10724,38
10889,38
10994,38
11254,38
11295,39
2327,39
2759,39
3475,39
3855,39
4657,39
4780,39
4997,39
6185,39
6564,39
6852,39
7036,39
7212,39
7884,39
9022,39
10413,39
11812,39
11888,39
9661,40
3251,40
5083,40
5769,40
5841,40
6161,40
6260,40
6286,40
6511,40
6598,40
7051,40
7183,40
7377,40
7421,40
10603,40
10976,40
10998,40
11180,40
11737,40
11776,40
12032,40
11583,41
2000,41
2174,41
3072,41
3205,41
3272,41
4224,41
5579,41
5786,41
6904,41
6983,41
7019,41
7080,41
9356,41
9872,41
11468,41
8185,42
2066,42
3441,42
4456,42
4479,42
5870,42
6078,42
6258,42
6270,42
6595,42
7074,42
9300,42
10505,42
10719,42
10890,42
11387,42
11824,42
11978,42
5417,43
2247,43
2411,43
3570,43
4641,43
5636,43
6199,43
6401,43
7089,43
8531,43
9452,43
9456,43
9997,43
10520,43
10883,43
5415,44
6701,44
7302,44
2124,44
3117,44
3326,44
3469,44
4026,44
4297,44
4563,44
6486,44
7931,44
8047,44
8483,44
8920,44
8931,44
9086,44
9226,44
9280,44
9878,44
10079,44
10345,44
10513,44
11036,44
11061,44
11504,44
11813,44
4690,45
4693,45
5464,45
6656,45
2040,45
2938,45
3741,45
3769,45
4464,45
6498,45
6777,45
6854,45
7692,45
7904,45
9201,45
10533,45
8206,46
7291,46
9501,46
1893,46
2627,46
2766,46
2891,46
3099,46
3509,46
3646,46
3828,46
3838,46
4291,46
4429,46
4451,46
4626,46
4922,46
5326,46
5871,46
6747,46
7208,46
7494,46
7790,46
8113,46
8599,46
10076,46
10798,46
11198,46
11200,46
11257,46
11793,46
11933,46
11948,46
5488,47
6695,47
8128,47
1946,47
2721,47
2907,47
3657,47
3882,47
4785,47
4804,47
4822,47
4853,47
6022,47
6027,47
6054,47
7442,47
10376,47
11370,47
9499,48
2655,48
2780,48
2914,48
3959,48
4358,48
4426,48
4471,48
4784,48
6228,48
7189,48
8260,48
8423,48
8793,48
9972,48
9688,49
11318,49
2152,49
2280,49
2863,49
3419,49
3869,49
3975,49
4443,49
4858,49
5091,49
5583,49
5936,49
6291,49
7418,49
7600,49
7785,49
8054,49
8589,49
9393,49
9478,49
10365,49
10469,50
2218,50
2405,50
2493,50
3436,50
4134,50
4140,50
4469,50
5981,50
6762,50
6955,50
6984,50
7448,50
8831,50
9895,50
10320,50
10573,50
10818,50
10822,50
11103,50
11230,50
11445,50
9658,51
2082,51
2128,51
3589,51
4028,51
4226,51
4849,51
5345,51
5671,51
5811,51
5888,51
6003,51
8344,51
9220,51
9758,51
10551,51
11228,51
11982,51
10218,52
11569,52
1968,52
2122,52
2234,52
2542,52
3128,52
4017,52
4072,52
4609,52
5541,52
5803,52
6035,52
7658,52
7902,52
7922,52
8612,52
8850,52
9181,52
9461,52
11134,52
5442,53
7307,53
9492,53
2870,53
2971,53
3299,53
4211,53
4420,53
5032,53
5142,53
5604,53
6410,53
6818,53
8197,53
8581,53
9381,53
9871,53
10400,53
10698,53
10857,53
10901,53
10219,54
11568,54
2303,54
3155,54
3563,54
3573,54
3848,54
4808,54
5948,54
6781,54
9009,54
9085,54
11433,54
4739,55
1867,55
1986,55
2592,55
2644,55
3017,55
3668,55
5755,55
6336,55
9278,55
10503,55
11732,55
11761,55
9556,56
2022,56
2976,56
3297,56
3549,56
5918,56
6223,56
6409,56
8846,56
9246,56
10065,56
10321,56
10895,56
4681,57
4747,57
2067,57
3192,57
3348,57
3440,57
3447,57
3531,57
3699,57
3826,57
4214,57
4593,57
5814,57
5832,57
7101,57
7242,57
8019,57
8686,57
10347,57
10866,57
11442,57
7261,58
9749,58
2504,58
2738,58
2753,58
3986,58
4606,58
4832,58
6132,58
6230,58
6449,58
6939,58
8602,58
8990,58
10820,58
8183,59
9750,59
1924,59
2084,59
2404,59
2743,59
3376,59
4152,59
4862,59
5018,59
5286,59
5528,59
6489,59
7022,59
7145,59
7458,59
9117,59
9173,59
9783,59
10340,59
10368,59
10819,59
10892,59
11048,59
11492,59
11935,59
6643,60
2539,60
3504,60
5037,60
5529,60
5718,60
6421,60
6842,60
7059,60
7093,60
8509,60
10995,60
11400,60
12006,60
10130,61
6658,61
2308,61
2374,61
4025,61
4238,61
4518,61
5544,61
6133,61
7161,61
7656,61
7944,61
8361,61
10997,61
10200,62
11521,62
2068,62
2314,62
2338,62
2864,62
2868,62
5619,62
8243,62
9298,62
9299,62
10489,62
12034,62
12038,62
6671,63
7262,63
3481,63
3609,63
3935,63
4437,63
5293,63
5366,63
6316,63
6604,63
6847,63
7350,63
7614,63
7802,63
8886,63
10370,63
10873,63
11425,63
11729,63
11851,63
12015,63
3391,64
3476,64
3949,64
3958,64
4452,64
5261,64
5662,64
5892,64
6923,64
7345,64
8237,64
9244,64
10129,64
10706,64
6646,65
6706,65
9508,65
2362,65
4094,65
4193,65
4261,65
7887,65
10011,65
10428,65
10510,65
11102,65
11372,65
11665,65
11712,65
12036,65
6723,66
7282,66
2286,66
2492,66
3184,66
3822,66
4182,66
4265,66
4548,66
5050,66
6273,66
7429,66
9354,66
9904,66
10444,66
9481,67
3560,67
4006,67
4346,67
4998,67
5217,67
5938,67
6435,67
6750,67
6920,67
7052,67
7787,67
9106,67
9296,67
10912,67
11195,67
7277,68
7305,68
11596,68
2224,68
2281,68
3745,68
4759,68
5822,68
6333,68
6441,68
7009,68
7397,68
8231,68
8605,68
8740,68
8780,68
8853,68
11717,68
11986,68
12010,68
12041,68
6688,69
9624,69
10194,69
11564,69
11575,69
2177,69
3386,69
3726,69
6167,69
6888,69
8746,69
10037,69
10882,69
11131,69
11363,69
11971,69
9589,70
2121,70
2711,70
3183,70
4468,70
5005,70
5101,70
5963,70
7214,70
7855,70
8610,70
8711,70
8821,70
10366,70
10923,70
10999,70
11084,70
2846,71
3426,71
3710,71
4493,71
4535,71
6562,71
7026,71
8494,71
8619,71
9077,71
9425,71
10908,71
11014,71
11252,71
11336,71
11377,71
11609,71
4742,72
2932,72
3172,72
3815,72
3924,72
4371,72
4492,72
6827,72
7386,72
7621,72
10295,72
10394,72
10687,72
10996,72
11392,72
11718,72
11773,72
2342,73
3367,73
4021,73
4806,73
5138,73
5839,73
6179,73
6180,73
8490,73
8749,73
9051,73
9292,73
9439,73
11872,73
8218,74
11571,74
3389,74
3418,74
4038,74
4192,74
5749,74
6594,74
7197,74
7640,74
7840,74
8936,74
10135,74
10280,74
11040,74
11424,74
11670,74
12035,74
9514,75
11537,75
2893,75
3755,75
5554,75
6263,75
6910,75
7582,75
9639,75
10492,75
10507,75
10987,75
11435,75
10150,76
11291,76
1850,76
2940,76
3403,76
3995,76
4274,76
5001,76
5203,76
5694,76
5893,76
6804,76
8414,76
8890,76
9432,76
10475,76
10508,76
10726,76
10788,76
7258,77
11594,77
3273,77
3424,77
3825,77
4194,77
4278,77
6222,77
7118,77
7233,77
9091,77
9338,77
9468,77
9790,77
9915,77
10024,77
10465,77
10681,77
11098,77
11262,77
11384,77
11390,77
11660,77
11724,77
11805,77
4723,78
4737,78
2046,78
2106,78
2377,78
2526,78
2797,78
2904,78
2930,78
3207,78
3837,78
4327,78
4999,78
5644,78
6255,78
6319,78
6757,78
6995,78
7646,78
7816,78
9056,78
10055,78
10104,78
10712,78
11366,78
11702,78
11787,78
8130,79
9530,79
11297,79
11593,79
2579,79
3042,79
3744,79
4466,79
6217,79
6502,79
8884,79
10061,79
10559,79
10826,79
11029,79
11189,79
11338,79
11889,79
11930,79
6651,80
9490,80
1977,80
3344,80
3530,80
6157,80
6494,80
6921,80
9240,80
9411,80
10392,80
10570,80
10759,80
11092,80
11591,81
2672,81
3439,81
3680,81
3871,81
4458,81
6087,81
7004,81
7482,81
7618,81
9965,81
9975,81
10014,81
10580,81
11373,81
4263,82
4559,82
5124,82
5575,82
5680,82
5712,82
5928,82
6492,82
8015,82
8269,82
8933,82
9208,82
9257,82
9473,82
9803,82
10730,82
11399,82
11746,82
6705,83
1906,83
2051,83
2313,83
2330,83
3263,83
3319,83
3506,83
4662,83
5620,83
5692,83
6067,83
6118,83
6186,83
6187,83
6237,83
6858,83
7502,83
7877,83
8048,83
8117,83
8416,83
9234,83
9394,83
10297,83
10721,83
11211,83
11394,83
11655,83
5492,84
11578,84
2017,84
2475,84
4619,84
5067,84
5103,84
6891,84
7128,84
7523,84
8466,84
8630,84
9075,84
9101,84
10543,84
10707,84
11447,84
11782,84
11798,84
8129,85
2120,85
2521,85
3773,85
5029,85
5331,85
5401,85
5689,85
5813,85
6581,85
7053,85
8313,85
8904,85
8938,85
9918,85
10530,85
10777,85
11462,85
11831,85
11860,85
2010,86
2223,86
3051,86
3102,86
3491,86
4989,86
5149,86
6076,86
6201,86
7432,86
7508,86
7678,86
8112,86
8418,86
8827,86
10745,86
10841,86
2288,87
2471,87
2746,87
2917,87
3836,87
4249,87
4993,87
5151,87
5577,87
5625,87
5673,87
6074,87
6257,87
6404,87
6832,87
6901,87
7702,87
8795,87
9466,87
10278,87
10390,87
10644,87
10713,87
11498,87
11801,87
10234,88
2214,88
2239,88
2343,88
3268,88
3422,88
5015,88
5997,88
6036,88
6066,88
6089,88
6269,88
7002,88
7560,88
7613,88
7657,88
8017,88
10915,88
10922,88
11375,88
11694,88
7270,89
9710,89
11287,89
2059,89
3127,89
3600,89
3797,89
4473,89
4676,89
4908,89
5307,89
5640,89
5702,89
6323,89
7352,89
8267,89
9188,89
9925,89
10075,89
10384,89
10534,89
10913,89
11769,89
8137,90
9537,90
10231,90
11267,90
3681,90
5887,90
6503,90
7457,90
8667,90
8713,90
9014,90
10331,90
10553,90
10651,90
10865,90
11487,90
12061,90
5434,91
9491,91
9702,91
2195,91
3498,91
4969,91
6267,91
7012,91
7490,91
8833,91
9119,91
9301,91
10379,91
10799,91
11688,91
9653,92
2139,92
2163,92
2432,92
2937,92
2954,92
3191,92
3522,92
4655,92
4848,92
4984,92
5047,92
5230,92
6097,92
6256,92
6374,92
6485,92
7034,92
7150,92
7455,92
7559,92
7859,92
8002,92
8242,92
8774,92
8929,92
9413,92
9870,92
10594,92
10708,92
10903,92
11255,92
11616,92
11736,92
12030,92
5448,93
2484,93
2835,93
4124,93
4284,93
6065,93
7013,93
7050,93
10382,93
10605,93
11744,93
10208,94
2193,94
3133,94
4366,94
5252,94
5856,94
7869,94
8335,94
8797,94
11106,94
6722,95
2215,95
2337,95
2398,95
3868,95
4805,95
4990,95
6975,95
8559,95
8851,95
9157,95
9764,95
11101,95
4696,96
4754,96
5412,96
5424,96
2291,96
3517,96
4246,96
4837,96
4871,96
4943,96
5977,96
6169,96
7453,96
7670,96
7839,96
9279,96
9954,96
10610,96
11021,96
12001,96
5449,97
2948,97
3683,97
4376,97
5565,97
6275,97
6801,97
7401,97
7498,97
7957,97
9776,97
11367,97
6693,98
6700,98
1885,98
2962,98
3162,98
3788,98
3824,98
4109,98
4336,98
4842,98
4865,98
5020,98
5048,98
5187,98
7912,98
9294,98
9436,98
11756,98
11838,98
8186,99
9734,99
10199,99
2900,99
2952,99
3123,99
3899,99
4115,99
4221,99
4329,99
4913,99
5111,99
5176,99
5244,99
5543,99
5630,99
5729,99
6174,99
6194,99
6788,99
6993,99
8857,99
9771,99
9882,99
10028,99
10417,99
10588,99
11454,99
8155,100
1860,100
2841,100
3330,100
3378,100
3503,100
5034,100
6468,100
6820,100
6932,100
7654,100
7883,100
7981,100
9111,100
9351,100
10593,100
11490,100
5414,101
7313,101
10197,101
2599,101
3508,101
3559,101
3918,101
4430,101
4532,101
4793,101
5324,101
6214,101
6295,101
6324,101
6522,101
7430,101
8706,101
8727,101
8817,101
9880,101
11682,101
4695,102
10252,102
3280,102
3365,102
3511,102
3934,102
4379,102
4391,102
5332,102
5527,102
5551,102
5572,102
5867,102
6304,102
7158,102
7797,102
8296,102
8496,102
10260,102
10432,102
4729,103
9717,103
2076,103
3534,103
3636,103
4382,103
4895,103
5075,103
5726,103
6395,103
7612,103
7847,103
7968,103
8786,103
9440,103
10643,103
11406,103
9645,104
9666,104
9687,104
9708,104
2767,104
3256,104
3607,104
3980,104
4385,104
5146,104
7063,104
9984,104
10069,104
10267,104
11056,104
8121,105
9718,105
1862,105
2052,105
3166,105
3212,105
3360,105
6070,105
6368,105
7027,105
8437,105
8595,105
9061,105
9332,105
9902,105
10415,105
11210,105
11411,105
11456,105
6694,106
6711,106
9648,106
2137,106
2883,106
2913,106
3119,106
3169,106
3334,106
3694,106
3716,106
3747,106
3771,106
4876,106
5127,106
6079,106
6862,106
7243,106
7337,106
7813,106
8987,106
9150,106
9306,106
9782,106
10356,106
10480,106
10786,106
10894,106
10980,106
11693,106
4711,107
5491,107
6805,107
11280,107
2008,107
3100,107
4103,107
4477,107
4616,107
4645,107
5703,107
7127,107
9361,107
10323,107
11429,107
11742,107
8212,108
11545,108
1963,108
2553,108
2578,108
5508,108
5539,108
5734,108
6855,108
7064,108
7332,108
7637,108
7750,108
7817,108
8018,108
9041,108
9953,108
9999,108
10133,108
10555,108
10854,108
11867,108
12024,108
2229,109
3264,109
3276,109
3286,109
3969,109
4550,109
5021,109
5181,109
5394,109
5627,109
5750,109
6227,109
6428,109
8348,109
10009,109
11359,109
7296,110
8178,110
9672,110
3471,110
3495,110
3819,110
4116,110
4241,110
4364,110
4504,110
4545,110
5195,110
5233,110
6445,110
6499,110
7762,110
8235,110
9174,110
10123,110
10983,110
4694,111
4732,111
2099,111
2264,111
3725,111
4037,111
4860,111
5224,111
6355,111
7886,111
8854,111
10010,111
10434,111
12020,111
8175,112
9668,112
11548,112
1865,112
2791,112
2827,112
3224,112
3346,112
4589,112
4590,112
6448,112
6476,112
6488,112
6737,112
7487,112
7955,112
8110,112
8963,112
9050,112
9852,112
10445,112
12050,112
5427,113
9689,113
1922,113
2680,113
3915,113
4222,113
4476,113
5340,113
5834,113
5897,113
5919,113
6454,113
7828,113
8550,113
8763,113
8813,113
9281,113
9820,113
10823,113
11931,113
2358,114
3220,114
3283,114
4428,114
5790,114
6178,114
6288,114
7213,114
10039,114
10072,114
10140,114
10408,114
10484,114
10859,114
11010,114
11109,114
11809,114
1829,115
2535,115
2755,115
3484,115
4143,115
4544,115
5330,115
5364,115
5809,115
5848,115
6464,115
8682,115
9194,115
9420,115
9920,115
10675,115
10868,115
11494,115
11759,115
11815,115
6655,116
2505,116
4178,116
4332,116
4444,116
5357,116
5493,116
5639,116
5752,116
5868,116
5946,116
6150,116
6459,116
9154,116
10362,116
10641,116
11214,116
11870,116
1940,117
1957,117
2742,117
3538,117
4234,117
4944,117
5570,117
5731,117
5885,117
6160,117
6311,117
6856,117
7365,117
7437,117
7594,117
8090,117
8801,117
10058,117
10948,117
11427,117
9693,118
10212,118
1991,118
3568,118
3574,118
3691,118
3727,118
4502,118
5617,118
6162,118
6297,118
6438,118
6800,118
7389,118
8910,118
12055,118
6481,119
4734,119
5440,119
2761,119
3186,119
3374,119
3765,119
4355,119
4581,119
5030,119
5321,119
6321,119
6554,119
7629,119
8765,119
10266,119
10364,119
10876,119
10933,119
11614,119
11944,119
11995,119
6717,120
8838,120
1836,120
2220,120
2682,120
3543,120
4114,120
5900,120
6017,120
7007,120
7176,120
7626,120
7879,120
9076,120
10531,120
10688,120
10982,120
11057,120
11739,120
2164,121
2718,121
3176,121
3492,121
5927,121
5967,121
6465,121
6883,121
7014,121
7205,121
7546,121
8701,121
9384,121
10446,121
11202,121
11910,121
5438,122
7322,122
2426,122
2576,122
2957,122
4230,122
7117,122
7252,122
7414,122
8691,122
8873,122
10284,122
10962,122
11072,122
6720,123
8180,123
3411,123
3591,123
4277,123
4667,123
5649,123
6430,123
8072,123
10717,123
10749,123
10964,123
10978,123
11087,123
11409,123
11526,124
3478,124
4040,124
4257,124
6168,124
8140,125
11308,125
11332,125
1841,125
3146,125
4043,125
4613,125
4614,125
5212,125
5495,125
7008,125
7408,125
7736,125
8062,125
9973,125
10405,125
11024,125
11656,125
10192,126
11533,126
2019,126
2255,126
2772,126
3784,126
6039,126
6331,126
8304,126
8974,126
10602,126
10635,126
11967,126
2071,127
2078,127
2322,127
3393,127
3647,127
3766,127
3886,127
4088,127
4507,127
5594,127
9268,127
9284,127
9825,127
10067,127
10498,127
11437,127
5435,128
9700,128
11269,128
2817,128
3232,128
3490,128
3856,128
4359,128
4888,128
5280,128
6080,128
7927,128
8403,128
9333,128
9348,128
11052,128
11862,128
5451,129
2168,129
2435,129
3371,129
3576,129
4407,129
5276,129
5719,129
6414,129
6549,129
6833,129
7238,129
7424,129
8629,129
9068,129
9365,129
9761,129
9843,129
10600,129
2029,130
2487,130
2568,130
2631,130
3396,130
4185,130
4233,130
4579,130
4762,130
5068,130
5145,130
6124,130
7135,130
7514,130
7588,130
7667,130
8249,130
8510,130
10007,130
10094,130
10506,130
10838,130
12043,130
8124,131
8131,131
9555,131
2511,131
2963,131
3252,131
3345,131
3359,131
3887,131
4027,131
4378,131
5277,131
6221,131
6836,131
8632,131
8201,132
10215,132
1884,132
2244,132
2731,132
2838,132
3167,132
4191,132
6085,132
6192,132
7091,132
10488,132
10969,132
10989,132
4735,133
5419,133
8161,133
8169,133
9670,133
2089,133
2393,133
2612,133
3817,133
5679,133
5978,133
6411,133
7215,133
7739,133
8649,133
8674,133
8826,133
10792,133
11227,133
11723,133
11927,133
11529,134
2123,134
2408,134
3240,134
3705,134
3928,134
4203,134
4310,134
7460,134
7906,134
8037,134
8229,134
8435,134
8648,134
8678,134
9271,134
9295,134
9824,134
9935,134
9956,134
9987,134
10403,134
10560,134
10750,134
11116,134
8176,135
3582,135
3713,135
5221,135
5274,135
7366,135
7756,135
7862,135
8073,135
8563,135
8783,135
8869,135
8997,135
9821,135
9883,135
10019,135
11013,135
11408,135
11771,135
12014,135
12017,135
5456,136
9542,136
9736,136
1928,136
2155,136
2614,136
3701,136
4521,136
4624,136
4821,136
5799,136
6328,136
6786,136
6878,136
6919,136
7097,136
7207,136
7768,136
7896,136
7935,136
8245,136
8391,136
8606,136
8688,136
9229,136
9967,136
10828,136
11470,136
11276,137
1832,137
2403,137
2452,137
2510,137
3219,137
3236,137
3241,137
5287,137
5715,137
5901,137
7054,137
8279,137
8825,137
9288,137
11237,137
11808,137
8219,138
6644,138
9535,138
10239,138
3572,138
4569,138
4868,138
5049,138
5104,138
5329,138
5932,138
6954,138
7387,138
8591,138
8650,138
9093,138
11499,138
11819,138
4738,139
11592,139
1961,139
2004,139
2720,139
2726,139
3255,139
3669,139
4177,139
4652,139
5191,139
7410,139
7417,139
7426,139
7872,139
8041,139
8420,139
9267,139
9908,139
10052,139
11909,139
11522,140
3009,140
4872,140
4877,140
4971,140
5817,140
6266,140
6745,140
6927,140
7031,140
7860,140
8319,140
8750,140
9069,140
11970,140
4746,141
7274,141
7300,141
9497,141
2965,141
3277,141
3650,141
4253,141
5253,141
5742,141
6233,141
7157,141
7167,141
7185,141
7510,141
7616,141
7727,141
7929,141
9923,141
10514,141
11259,141
11863,141
1888,142
2015,142
3524,142
3883,142
4276,142
4348,142
4511,142
4566,142
4674,142
4936,142
5505,142
5816,142
6418,142
6519,142
7379,142
7848,142
8305,142
8331,142
8400,142
8653,142
9952,142
10949,142
11265,142
11711,142
4677,143
1854,143
2175,143
2850,143
3010,143
3925,143
3996,143
4097,143
4163,143
5641,143
6253,143
7003,143
8069,143
9200,143
10839,143
5453,144
5455,144
3253,144
4404,144
4455,144
4789,144
5656,144
5793,144
6015,144
6083,144
7617,144
8088,144
8784,144
8847,144
9327,144
9806,144
10044,144
10083,144
10960,144
11807,144
8173,145
11551,145
1864,145
2623,145
3228,145
3577,145
3770,145
3816,145
5105,145
6480,145
6789,145
7742,145
9341,145
11725,145
11900,145
7283,146
10174,146
2127,146
2381,146
2628,146
2839,146
3327,146
3662,146
4591,146
5161,146
5162,146
5201,146
6742,146
6911,146
7781,146
9074,146
9144,146
9250,146
9256,146
9386,146
11621,146
5421,147
4415,147
4786,147
5236,147
5305,147
5875,147
6219,147
6469,147
7000,147
8860,147
8919,147
8946,147
9183,147
9350,147
11495,147
11922,147
7275,148
2024,148
2061,148
2429,148
2719,148
2977,148
3091,148
3214,148
3216,148
3605,148
4223,148
5612,148
6229,148
9855,148
10639,148
12009,148
2198,149
2522,149
3721,149
4447,149
4829,149
4847,149
4963,149
4975,149
5707,149
6819,149
7162,149
7392,149
7759,149
7910,149
8624,149
8652,149
8909,149
9098,149
10358,149
10367,149
10910,149
5405,150
6725,150
2346,150
2866,150
3512,150
3804,150
4900,150
5920,150
6760,150
7067,150
8771,150
9794,150
10524,150
11018,150
4713,151
5460,151
1831,151
3233,151
3976,151
4179,151
4439,151
4769,151
6055,151
6358,151
7226,151
7682,151
7822,151
8342,151
9081,151
10682,151
11154,151
11466,151
10151,152
1852,152
2328,152
2597,152
4576,152
5223,152
5807,152
6365,152
7108,152
8330,152
8389,152
9290,152
10264,152
10556,152
11130,152
11758,152
11925,152
1995,153
2206,153
3569,153
3660,153
5377,153
6431,153
7179,153
7811,153
7844,153
8570,153
8777,153
9072,153
9995,153
11943,153
12005,153
1966,154
2410,154
4915,154
6100,154
6184,154
6491,154
8655,154
8839,154
8950,154
9286,154
9287,154
9428,154
10369,154
10399,154
11017,154
11223,154
11650,154
11653,154
11934,154
8205,155
6641,155
2276,155
3061,155
3196,155
3505,155
3753,155
3861,155
3923,155
6001,155
6103,155
6501,155
7335,155
7568,155
8264,155
8785,155
9417,155
10085,155
11253,155
11903,155
9739,156
11298,156
3188,156
4660,156
6608,156
7016,156
7969,156
9152,156
9618,157
9636,157
9728,157
2445,157
2639,157
2728,157
3006,157
3454,157
3523,157
3652,157
4001,157
4583,157
4992,157
5360,157
6610,157
6953,157
8034,157
8526,157
8832,157
8949,157
10099,157
10346,157
10784,157
11235,157
2003,158
2565,158
6182,158
6283,158
7385,158
8004,158
8334,158
9202,158
9227,158
9322,158
9850,158
10746,158
11505,158
11877,158
5432,159
9686,159
10259,159
1856,159
1861,159
1918,159
5019,159
6516,159
7978,159
8384,159
9185,159
9812,159
10483,159
11086,159
11185,159
6637,160
10232,160
3265,160
3601,160
3818,160
4174,160
5199,160
5379,160
6005,160
6140,160
7075,160
7777,160
7873,160
8236,160
8399,160
8425,160
8476,160
9319,160
9847,160
11153,160
2898,161
3096,161
3578,161
4032,161
5717,161
6444,161
6835,161
6987,161
7901,161
8787,161
10579,161
11397,161
11503,161
11666,161
11865,161
11972,161
4361,162
4797,162
5055,162
5106,162
6244,162
7808,162
10476,162
5465,163
11512,163
11530,163
2725,163
3913,163
5532,163
5791,163
9874,163
11355,163
11920,163
7303,164
9576,164
9659,164
2809,164
4974,164
5808,164
6579,164
6600,164
7216,164
7407,164
7836,164
8792,164
10738,164
10856,164
11058,164
5478,165
2042,165
3056,165
3556,165
4321,165
4384,165
6011,165
6325,165
6382,165
6850,165
7010,165
8814,165
11068,165
1873,166
1983,166
2424,166
2626,166
3243,166
3259,166
3565,166
3703,166
4800,166
4852,166
5140,166
5653,166
5697,166
5882,166
5917,166
6021,166
6496,166
6839,166
7023,166
7610,166
7769,166
8283,166
8447,166
8699,166
9314,166
11064,166
11250,166
11684,166
11898,166
11985,166
4710,167
2251,167
3519,167
5337,167
6189,167
6315,167
6417,167
8038,167
8663,167
10541,167
11335,167
11811,167
2333,168
2923,168
3558,168
4000,168
4056,168
4059,168
4060,168
6164,168
6962,168
7469,168
8993,168
10627,168
11077,168
5407,169
9558,169
1891,169
3425,169
3627,169
3656,169
3917,169
4309,169
5343,169
5586,169
5933,169
6415,169
6808,169
6964,169
7488,169
7489,169
10732,169
11386,169
11493,169
11703,169
5487,170
2641,170
2874,170
2958,170
3304,170
3948,170
4857,170
4892,170
5316,170
5647,170
5798,170
8911,170
8943,170
9357,170
9373,170
9992,170
10778,170
11764,170
12048,170
5477,171
2110,171
2287,171
2312,171
3339,171
3632,171
4980,171
4996,171
5380,171
7155,171
8506,171
8651,171
9866,171
10313,171
11894,171
1975,172
3258,172
3690,172
4799,172
5325,172
5908,172
6241,172
6345,172
6361,172
6388,172
6746,172
6776,172
6778,172
6851,172
6952,172
7422,172
7603,172
8067,172
9463,172
9842,172
10350,172
10515,172
11345,172
11469,172
11827,172
11907,172
11946,172
2402,173
2859,173
5862,173
6771,173
6822,173
6977,173
7679,173
9263,173
10536,173
10663,173
11395,173
11936,173
8135,174
4044,174
4212,174
4406,174
4940,174
5228,174
5333,174
5365,174
6784,174
7087,174
7104,174
7449,174
8616,174
8708,174
8979,174
10265,174
11482,174
11743,174
11911,174
6661,175
9523,175
9579,175
2875,175
2974,175
3331,175
3693,175
3743,175
4139,175
4909,175
5268,175
5319,175
6243,175
6299,175
6317,175
6327,175
6386,175
7154,175
7666,175
8908,175
10494,175
10773,175
11803,175
12042,175
8194,176
9561,176
2126,176
2431,176
4105,176
4902,176
5498,176
6041,176
6280,176
6584,176
6754,176
8074,176
10522,176
11439,176
11820,176
11908,176
10152,177
10213,177
11602,177
3290,177
4607,177
6426,177
9155,177
9867,177
10326,177
11132,177
1921,178
2074,178
2203,178
2673,178
2915,178
4151,178
4934,178
5027,178
5550,178
6791,178
6829,178
7627,178
7801,178
8541,178
8712,178
8836,178
9033,178
9109,178
9430,178
9840,178
11136,178
11194,178
11781,178
4702,179
3379,179
3421,179
3689,179
3881,179
4254,179
4478,179
5150,179
6740,179
7566,179
4740,180
2063,180
2818,180
3594,180
4002,180
4890,180
5308,180
5584,180
5883,180
8346,180
8543,180
8666,180
8734,180
8887,180
9130,180
9235,180
10569,180
11751,180
10229,181
2295,181
3398,181
4128,181
4184,181
4356,181
4838,181
6434,181
7440,181
7773,181
8917,181
9390,181
9848,181
10401,181
10411,181
10802,181
11954,181
5411,182
7259,182
9733,182
1981,182
2606,182
3154,182
5116,182
6451,182
6943,182
7172,182
8248,182
8376,182
8828,182
10389,182
10831,182
11612,182
11832,182
11841,182
9225,183
9522,183
9657,183
1911,183
2134,183
2143,183
2325,183
2390,183
3353,183
3525,183
4018,183
4075,183
4549,183
4893,183
4957,183
4983,183
5843,183
7966,183
8697,183
8878,183
8882,183
10113,183
11418,183
11854,183
11926,183
9498,184
2045,184
3729,184
4445,184
4474,184
4520,184
5507,184
6357,184
6630,184
6973,184
7419,184
7431,184
8729,184
10353,184
11687,184
11704,184
4753,185
7298,185
2228,185
5569,185
6743,185
6899,185
9839,185
10361,185
10887,185
11426,185
11928,185
4680,186
2884,186
3395,186
3405,186
3829,186
3953,186
4070,186
4122,186
4165,186
4198,186
4210,186
4248,186
6131,186
8770,186
9168,186
9347,186
9799,186
9947,186
10762,186
12033,186
9732,187
1827,187
2170,187
2557,187
3323,187
4010,187
4086,187
4141,187
4399,187
4802,187
5232,187
5311,187
5724,187
5922,187
6069,187
7870,187
8081,187
8654,187
8810,187
9239,187
10276,187
11710,187
12019,187
11525,188
3302,188
3385,188
3654,188
4571,188
4580,188
7863,188
7905,188
8300,188
8657,188
8947,188
9962,188
10640,188
10840,188
11258,188
11414,188
5476,189
3317,189
3943,189
4397,189
5118,189
6930,189
7973,189
8224,189
9753,189
10592,189
10853,189
11608,189
11906,189
8149,190
10156,190
2005,190
3244,190
4875,190
5113,190
5929,190
6002,190
6105,190
7830,190
7921,190
7940,190
8252,190
8253,190
9767,190
9772,190
10456,190
11821,190
8790,191
5431,191
2025,191
2996,191
3966,191
4138,191
4586,191
6794,191
7564,191
8835,191
8842,191
9331,191
7293,192
9627,192
2357,192
3520,192
3781,192
3810,192
3946,192
4175,192
4801,192
6422,192
7565,192
7745,192
8799,192
9971,192
11957,192
9731,193
2500,193
3800,193
4168,193
4283,193
4307,193
4570,193
4659,193
5119,193
6028,193
7412,193
7466,193
8076,193
8102,193
9210,193
10426,193
11248,193
11762,193
11980,193
8157,194
9635,194
2096,194
2133,194
3078,194
3082,194
3394,194
3742,194
3950,194
4924,194
5350,194
6806,194
7169,194
7351,194
7358,194
7888,194
8819,194
10422,194
10546,194
11187,194
4701,195
1985,195
2253,195
3047,195
3328,195
3368,195
4339,195
4776,195
4866,195
6391,195
7789,195
8794,195
9285,195
10386,195
10404,195
11735,195
11969,195
10198,196
2533,196
3285,196
3564,196
3892,196
4054,196
4539,196
5059,196
5313,196
5865,196
7033,196
7048,196
7595,196
8487,196
8604,196
8659,196
4706,197
9480,197
9485,197
11579,197
2689,197
4828,197
4933,197
5771,197
6091,197
6545,197
7522,197
7735,197
9800,197
10695,197
10929,197
11474,197
9675,198
11286,198
3198,198
3846,198
4166,198
4216,198
4598,198
4982,198
5033,198
6606,198
6881,198
7805,198
8118,198
8608,198
8782,198
9211,198
10375,198
10936,198
11450,198
11882,198
5429,199
9677,199
2237,199
2498,199
3105,199
3978,199
4125,199
5038,199
6264,199
7353,199
7708,199
7731,199
8274,199
8668,199
9015,199
9323,199
10132,199
10487,199
11035,199
11484,199
6668,200
7324,200
1874,200
2421,200
3581,200
4161,200
4509,200
4883,200
5347,200
6779,200
7336,200
8427,200
9756,200
11055,200
11455,200
11825,200
11941,200
6653,201
7287,201
8145,201
10189,201
10255,201
11541,201
3234,201
3282,201
3608,201
4281,201
4640,201
5058,201
6240,201
8431,201
8724,201
9438,201
10021,201
10431,201
11896,201
9602,202
2026,202
2949,202
3622,202
3678,202
4064,202
4200,202
4313,202
4588,202
4629,202
5797,202
6141,202
6236,202
6420,202
7480,202
7633,202
9269,202
10062,202
10855,202
11958,202
9516,203
2317,203
2658,203
3160,203
3671,203
4453,203
5784,203
5894,203
6893,203
7220,203
8238,203
8988,203
9191,203
10440,203
10935,203
11354,203
11991,203
5468,204
11544,204
2572,204
2748,204
3465,204
3639,204
4368,204
5346,204
5780,204
5896,204
6558,204
7567,204
7834,204
8388,204
9021,204
9289,204
9339,204
10357,204
10566,204
10669,204
11590,205
4367,205
4617,205
6251,205
7192,205
7743,205
10441,205
10604,205
10789,205
5454,206
6662,206
9747,206
2395,206
3081,206
4220,206
4377,206
4782,206
4891,206
5942,206
6509,206
7105,206
7231,206
7799,206
8460,206
9035,206
10004,206
10526,206
11584,207
2953,207
3483,207
3507,207
3894,207
5215,207
5371,207
5935,207
10008,207
10891,207
10931,207
10945,207
8191,208
11279,208
2830,208
3599,208
3831,208
3941,208
3962,208
6142,208
6205,208
6378,208
7576,208
7771,208
7788,208
9199,208
10501,208
5089,209
7304,209
8120,209
11549,209
1872,209
3916,209
4173,209
4271,209
4454,209
4791,209
5042,209
5821,209
6392,209
6504,209
7428,209
7784,209
7875,209
7976,209
9037,209
10723,209
10797,209
10918,209
8188,210
9651,210
10248,210
1960,210
2150,210
3493,210
3761,210
3774,210
4512,210
6276,210
8669,210
9027,210
10378,210
4749,211
11555,211
2301,211
3064,211
3152,211
3409,211
3575,211
4083,211
6379,211
6533,211
6908,211
7159,211
8913,211
10523,211
10950,211
11788,211
11999,211
4712,212
4728,212
2072,212
3168,212
3202,212
3406,212
3451,212
4195,212
5066,212
6416,212
7222,212
7356,212
7967,212
8921,212
9062,212
10916,212
11062,212
11428,212
11698,212
7315,213
2509,213
2858,213
3069,213
3814,213
4068,213
6057,213
6796,213
7555,213
7962,213
9019,213
9801,213
10585,213
2232,214
2993,214
3217,214
3884,214
3968,214
4412,214
4602,214
5094,214
6176,214
6381,214
6521,214
8464,214
8660,214
10138,214
10511,214
11998,214
12053,214
10236,215
3161,215
3308,215
3388,215
3583,215
3963,215
4132,215
5136,215
5196,215
6755,215
7794,215
9123,215
9951,215
10281,215
10672,215
7331,216
2189,216
3756,216
4409,216
7204,216
10120,216
10617,216
11734,216
10167,217
2366,217
2664,217
3077,217
3673,217
6117,217
6446,217
8443,217
9054,217
9277,217
9418,217
10115,217
11362,217
11633,217
11855,217
6660,218
11515,218
11520,218
2207,218
2554,218
3131,218
3467,218
4386,218
4813,218
5355,218
6159,218
6393,218
7665,218
8111,218
8278,218
11412,218
11634,218
3103,219
4082,219
5698,219
5991,219
7229,219
8927,219
9804,219
9827,219
9937,219
9963,219
10577,219
11360,219
11404,219
4722,220
5443,220
2740,220
3460,220
4526,220
5239,220
6530,220
6548,220
7223,220
7239,220
7465,220
8562,220
8670,220
8932,220
9383,220
10954,220
2660,221
3180,221
3542,221
3939,221
5959,221
6224,221
7644,221
8789,221
9435,221
9927,221
10825,221
11261,221
11676,221
9515,222
2678,222
3248,222
3347,222
4147,222
4824,222
5385,222
6314,222
6330,222
7028,222
7554,222
8645,222
9894,222
10033,222
10812,222
3748,223
4370,223
4807,223
5180,223
6158,223
6749,223
7758,223
10002,223
10034,223
10754,223
11350,223
11502,223
11871,223
7268,224
10206,224
2039,224
2048,224
2754,224
3182,224
3494,224
3626,224
4987,224
5322,224
5623,224
5833,224
6738,224
7470,224
7599,224
8355,224
10351,224
11161,224
1824,225
3189,225
3488,225
3758,225
4988,225
6907,225
7400,225
7791,225
8306,225
8347,225
9856,225
11197,225
9494,226
9553,226
9649,226
10170,226
10186,226
3193,226
4036,226
4587,226
5198,226
5397,226
6020,226
6484,226
6753,226
7376,226
8216,226
8311,226
8580,226
6676,227
9570,227
2399,227
3242,227
4176,227
4330,227
4472,227
5545,227
5751,227
6769,227
7854,227
7915,227
8758,227
9222,227
9282,227
9853,227
10263,227
10634,227
10760,227
11968,227
10148,228
11326,228
2609,228
3390,228
4069,228
5057,228
5947,228
6114,228
7363,228
7681,228
7928,228
10615,228
11610,228
4704,229
8134,229
1868,229
3820,229
4299,229
4572,229
5373,229
5645,229
7499,229
9178,229
10000,229
10844,229
10884,229
10991,229
11651,229
11722,229
11840,229
4691,230
4725,230
8127,230
9509,230
2473,230
2737,230
3016,230
4135,230
4344,230
6423,230
6863,230
7369,230
7711,230
7841,230
8272,230
8459,230
9230,230
9816,230
10638,230
7276,231
11589,231
2931,231
3135,231
3351,231
3448,231
4830,231
5229,231
5853,231
7625,231
7806,231
7807,231
8013,231
8394,231
8417,231
8514,231
8905,231
9759,231
10468,231
9679,232
10173,232
10224,232
1849,232
2194,232
3340,232
3735,232
3909,232
3952,232
4360,232
4946,232
5828,232
6506,232
6807,232
6825,232
6905,232
8276,232
9187,232
10571,232
11686,232
11990,232
4721,233
2624,233
3537,233
4405,233
4553,233
4948,233
5122,233
5916,233
6629,233
7039,233
7593,233
8488,233
9010,233
9460,233
9831,233
9929,233
10051,233
10407,233
8217,234
6689,234
2250,234
2651,234
3466,234
3497,234
5700,234
5774,234
5934,234
6951,234
7005,234
7057,234
7647,234
8638,234
9785,234
10697,234
11249,234
4703,235
9673,235
9713,235
2622,235
2663,235
5396,235
6512,235
6583,235
6599,235
6765,235
7821,235
7850,235
8075,235
9297,235
9900,235
10043,235
4758,236
6697,236
9729,236
2179,236
2648,236
3496,236
3945,236
4213,236
4235,236
4436,236
4508,236
4777,236
4906,236
5592,236
6197,236
7624,236
8742,236
8928,236
9854,236
11059,236
11491,236
10168,237
11556,237
1923,237
3445,237
3455,237
3738,237
5257,237
6767,237
9349,237
10081,237
10289,237
10885,237
11834,237
12040,237
4697,238
5433,238
5471,238
2162,238
2862,238
3037,238
3267,238
3630,238
3757,238
3910,238
4465,238
5194,238
6369,238
6589,238
7253,238
8327,238
8551,238
9752,238
10880,238
10941,238
5420,239
5444,239
5445,239
9496,239
1939,239
2081,239
2615,239
2722,239
2909,239
3544,239
4333,239
8574,239
9145,239
9873,239
10583,239
11983,239
11984,239
12025,239
6403,240
1840,240
1879,240
2787,240
4063,240
4215,240
4460,240
5017,240
5045,240
5074,240
5275,240
6956,240
7744,240
8747,240
9334,240
10285,240
10787,240
10953,240
10992,240
11135,240
11476,240
9520,241
11330,241
1838,241
2485,241
2735,241
4053,241
4252,241
4903,241
5200,241
5772,241
6961,241
8676,241
8941,241
10752,241
11675,241
11719,241
8230,242
9640,242
2865,242
3138,242
3147,242
6154,242
6301,242
6992,242
7468,242
7774,242
7846,242
7989,242
11657,242
10396,243
3015,243
3019,243
3311,243
3896,243
4648,243
4921,243
5515,243
5956,243
7446,243
7639,243
8572,243
9028,243
9398,243
10473,243
10952,243
10986,243
11380,243
5480,244
7295,244
8147,244
11288,244
11517,244
2095,244
3106,244
3545,244
3783,244
3967,244
4401,244
5159,244
5165,244
7234,244
7368,244
7725,244
8681,244
10111,244
10427,244
10958,244
11806,244
5430,245
9505,245
10165,245
2400,245
2929,245
3746,245
3834,245
4419,245
5739,245
6475,245
6732,245
7577,245
7796,245
8257,245
8277,245
8281,245
8289,245
8704,245
9889,245
10030,245
11750,245
12026,245
6715,246
2373,246
3900,246
4196,246
6733,246
7532,246
8365,246
8366,246
8367,246
8714,246
10127,246
10301,246
11496,246
11654,246
11786,246
1951,247
2968,247
2969,247
3452,247
3860,247
3889,247
4087,247
4964,247
5003,247
5171,247
5561,247
5993,247
6634,247
7858,247
8540,247
8548,247
8555,247
8556,247
8557,247
8567,247
9426,247
10486,247
10636,247
10674,247
11183,247
11337,247
11368,247
2060,248
2180,248
2379,248
2422,248
3749,248
4354,248
5046,248
5829,248
7812,248
8030,248
8571,248
8576,248
8577,248
8922,248
10563,248
11615,248
11975,248
4745,249
7321,249
9619,249
2103,249
2430,249
3156,249
3977,249
4130,249
6292,249
8023,249
8582,249
8658,249
9421,249
10013,249
10275,249
10809,249
11159,249
3397,250
3898,250
5085,250
5134,250
5845,250
6302,250
6385,250
6483,250
6782,250
7998,250
8233,250
8401,250
8583,250
8683,250
9934,250
11149,250
6659,251
2713,251
2905,251
3218,251
3823,251
4245,251
4266,251
4669,251
5723,251
7530,251
7549,251
8560,251
8586,251
8588,251
9135,251
9252,251
11019,251
11422,251
11858,251
8223,252
5452,252
5466,252
9719,252
11523,252
11562,252
2434,252
2656,252
2973,252
3877,252
3988,252
4941,252
7334,252
7970,252
8590,252
8759,252
8773,252
8862,252
10637,252
11992,252
1847,253
2187,253
2212,253
2350,253
4197,253
4448,253
4622,253
4623,253
4658,253
5339,253
5610,253
6914,253
7119,253
7349,253
7764,253
8107,253
8592,253
8593,253
8594,253
10124,253
11464,253
11679,253
7286,254
1953,254
2023,254
2549,254
2620,254
3245,254
3579,254
3920,254
4181,254
6120,254
8293,254
8307,254
9879,254
10947,254
2292,255
3206,255
4831,255
5542,255
5634,255
5767,255
8314,255
8316,255
8375,255
9018,255
9247,255
10385,255
10567,255
10629,255
11993,255
5406,256
10172,256
11292,256
2537,256
3423,256
3547,256
3593,256
4403,256
4483,256
6458,256
7069,256
7362,256
8024,256
8323,256
11046,256
11913,256
11953,256
12056,256
4715,257
6647,257
9676,257
10214,257
2140,257
2161,257
2341,257
4268,257
4459,257
5014,257
5044,257
5063,257
7837,257
7971,257
8265,257
8325,257
8410,257
9841,257
10455,257
2619,258
3046,258
3453,258
3518,258
3551,258
4352,258
4778,258
6012,258
6775,258
6944,258
7477,258
7661,258
8326,258
8329,258
8336,258
8338,258
8343,258
8357,258
10491,258
10985,258
11178,258
11206,258
11473,258
11647,258
5459,259
6714,259
9730,259
4421,259
5002,259
5556,259
6989,259
7436,259
9308,259
9763,259
11823,259
2470,260
2934,260
3449,260
3561,260
4442,260
5302,260
5678,260
6550,260
6616,260
7732,260
8349,260
8351,260
8352,260
8517,260
10535,260
10761,260
11155,260
9483,261
2315,261
3013,261
3708,261
4481,261
5117,261
5220,261
6172,261
7715,261
8353,261
8587,261
9138,261
9238,261
9274,261
10581,261
10709,261
11835,261
11876,261
11899,261
10205,262
11302,262
2566,262
3190,262
7766,262
8358,262
8359,262
8944,262
9305,262
9844,262
10794,262
11233,262
11452,262
11463,262
11730,262
8192,263
3482,263
4218,263
4638,263
5378,263
6322,263
6868,263
8364,263
10597,263
6664,264
9551,264
10250,264
11334,264
2112,264
2590,264
2798,264
3431,264
3432,264
5016,264
5041,264
5356,264
5567,264
6816,264
6867,264
7372,264
7374,264
7444,264
8310,264
8368,264
8369,264
8539,264
9775,264
10146,264
10470,264
10875,264
11449,264
1925,265
3204,265
4369,265
4402,265
6110,265
6487,265
7106,265
7359,265
8370,265
8501,265
9330,265
10136,265
10290,265
11169,265
11507,265
12018,265
9720,266
11553,266
1901,266
2472,266
4499,266
5349,266
6383,266
7792,266
8371,266
8378,266
8379,266
8382,266
8981,266
9125,266
9846,266
9964,266
10496,266
11753,266
9695,267
2188,267
3420,267
3463,267
4325,267
6112,267
6761,267
8078,267
8386,267
8407,267
8421,267
8735,267
8837,267
9961,267
10074,267
10418,267
9697,268
4066,268
4322,268
4557,268
4766,268
5327,268
5674,268
6508,268
7574,268
8042,268
8429,268
8439,268
12059,268
8478,269
6679,269
9611,269
10256,269
1863,269
3237,269
4867,269
7782,269
8462,269
8469,269
8471,269
9335,269
10371,269
10845,269
11044,269
11861,269
9725,270
2698,270
4931,270
5155,270
6885,270
7126,270
7139,270
7144,270
7688,270
7693,270
7893,270
7959,270
8489,270
8702,270
9276,270
10848,270
10961,270
11850,270
4727,271
6692,271
10179,271
2744,271
3704,271
4289,271
4896,271
6312,271
6894,271
7099,271
7597,271
7880,271
8710,271
8855,271
9055,271
10377,271
10461,271
10653,271
11887,271
11915,271
10210,272
2750,272
3230,272
3461,272
3940,272
4836,272
5167,272
5294,272
5591,272
6376,272
7517,272
7818,272
7956,272
8225,272
8491,272
9084,272
9215,272
9328,272
10447,272
10519,272
10833,272
11444,272
11845,272
6650,273
11282,273
11317,273
11605,273
2607,273
3606,273
3685,273
4305,273
4331,273
5855,273
6397,273
7521,273
8472,273
8495,273
8497,273
8505,273
8523,273
8529,273
8532,273
8534,273
8535,273
8537,273
8693,273
9052,273
9118,273
10847,273
10967,273
11122,273
12003,273
5426,274
9569,274
11536,274
2543,274
3435,274
4457,274
4524,274
4979,274
6245,274
6359,274
6744,274
8246,274
8295,274
8568,274
8569,274
9193,274
10625,274
11973,274
5428,275
11311,275
11597,275
1988,275
2370,275
2811,275
2879,275
3320,275
4005,275
4049,275
5157,275
5499,275
5915,275
8115,275
8692,275
8728,275
8934,275
10758,275
11419,275
11680,275
11947,275
2036,276
2131,276
2240,276
3750,276
4611,276
5147,276
5926,276
6840,276
6997,276
7473,276
8470,276
8694,276
8956,276
10517,276
10747,276
11795,276
12044,276
9622,277
1930,277
2158,277
2985,277
3060,277
3318,277
4062,277
4393,277
6060,277
6175,277
6609,277
6813,277
7757,277
10335,277
10412,277
9484,278
9543,278
9638,278
9690,278
11518,278
11582,278
2098,278
2266,278
2636,278
2670,278
2815,278
2989,278
3032,278
3052,278
3557,278
4187,278
5621,278
6115,278
6235,278
6440,278
6772,278
6999,278
7824,278
8453,278
8511,278
10102,278
11203,278
9489,279
9562,279
9605,279
9744,279
1974,279
2173,279
3000,279
3109,279
3213,279
3335,279
4388,279
4898,279
4911,279
5295,279
6614,279
7083,279
7170,279
7180,279
7506,279
10497,279
11020,279
11182,279
11351,279
11921,279
9546,280
10202,280
10221,280
11322,280
3041,280
3055,280
4051,280
4414,280
4501,280
5129,280
5574,280
7704,280
9945,280
11220,280
11956,280
11996,280
8481,281
1926,281
3021,281
3528,281
4158,281
4574,281
5553,281
6756,281
6785,281
7778,281
8312,281
8955,281
8958,281
9977,281
10537,281
11067,281
4755,282
8171,282
1846,282
2146,282
2919,282
2982,282
3068,282
3614,282
3625,282
4207,282
4567,282
5109,282
5255,282
5738,282
7061,282
7738,282
8696,282
8796,282
8808,282
9112,282
9899,282
10294,282
11242,282
12049,282
12062,282
3410,283
3833,283
4343,283
4986,283
5099,283
5880,283
6370,283
6632,283
7511,283
7526,283
7754,283
8234,283
8402,283
8525,283
10078,283
11217,283
11460,283
11897,283
11937,283
11994,283
7278,284
8123,284
2079,284
2167,284
2534,284
2911,284
3092,284
3587,284
3813,284
4077,284
4952,284
7938,284
8100,284
8970,284
10093,284
10860,284
11874,284
7297,285
3164,285
4462,285
5310,285
6887,285
8508,285
9955,285
5439,286
11300,286
1987,286
2674,286
2943,286
3364,286
5216,286
5250,286
6242,286
6447,286
6966,286
7244,286
8317,286
8395,286
8985,286
9392,286
9397,286
9451,286
10139,286
11662,286
1837,287
2894,287
2901,287
3443,287
3588,287
3809,287
4547,287
6226,287
6437,287
6960,287
7948,287
8263,287
9449,287
10068,287
10308,287
11341,287
8221,288
11514,288
2186,288
2261,288
2582,288
3521,288
3787,288
3961,288
4441,288
4976,288
6092,288
6289,288
7737,288
8006,288
8284,288
8565,288
8579,288
8992,288
9448,288
9924,288
11790,288
2583,289
2710,289
2739,289
3516,289
3592,289
3596,289
4537,289
4910,289
5950,289
5992,289
7096,289
7199,289
7903,289
7943,289
7958,289
8485,289
8806,289
8989,289
9182,289
11156,289
6704,290
9667,290
11606,290
2267,290
2443,290
3235,290
3791,290
5237,290
6515,290
11671,290
11890,290
12031,290
9575,291
10149,291
3479,291
3930,291
4772,291
4788,291
6739,291
7829,291
8297,291
8436,291
9249,291
9762,291
10121,291
10338,291
10832,291
10874,291
11074,291
11501,291
12002,291
5463,292
11565,292
2260,292
3754,292
4577,292
5788,292
5826,292
5850,292
6126,292
7149,292
7425,292
7923,292
8095,292
8486,292
9395,292
10776,292
10242,293
11327,293
3070,293
3667,293
4353,293
4840,293
5234,293
8009,293
8104,293
9148,293
10572,293
10728,293
11457,293
6636,294
7318,294
9625,294
2073,294
2109,294
2159,294
2372,294
3616,294
5164,294
7103,294
7483,294
7556,294
8465,294
8585,294
8959,294
10630,294
11868,294
6680,295
6698,295
9706,295
10188,295
2090,295
2668,295
2945,295
5010,295
5709,295
5714,295
7092,295
7441,295
7533,295
8080,295
11952,295
10424,296
2064,296
2867,296
3450,296
3472,296
3921,296
3929,296
4411,296
4873,296
5065,296
5512,296
7071,296
7767,296
10262,296
11107,296
11644,296
3415,297
4136,297
4153,297
4884,297
4887,297
9414,297
9865,297
10125,297
11479,297
11639,297
3076,298
3107,298
4320,298
5386,298
6166,298
6456,298
6735,298
6802,298
8077,298
8392,298
8684,298
9233,298
9369,298
9813,298
9949,298
10453,298
11828,298
12012,298
6663,299
9534,299
2125,299
2417,299
2781,299
2986,299
3002,299
3022,299
3024,299
3025,299
3074,299
3840,299
6555,299
7391,299
9120,299
10414,299
11353,299
11560,300
2263,300
2890,300
2994,300
3050,300
3655,300
3947,300
5510,300
5838,300
10363,300
10988,300
11376,300
11398,300
3001,301
3008,301
3338,301
4180,301
4232,301
4864,301
6149,301
7651,301
8198,301
3130,302
3289,302
3844,302
8665,302
9161,302
9403,302
10070,302
10095,302
10545,302
11152,302
2336,303
2978,303
2992,303
5080,303
5186,303
6994,303
7804,303
8772,303
9039,303
9829,303
10963,303
11045,303
4708,304
2147,304
2378,304
2763,304
2878,304
2983,304
2987,304
3073,304
4073,304
4208,304
4350,304
5824,304
6033,304
6869,304
7985,304
8286,304
9013,304
9371,304
9944,304
10540,304
10595,304
10157,305
1956,305
1994,305
2970,305
2981,305
3031,305
3054,305
3792,305
4668,305
5256,305
7475,305
7584,305
9258,305
9302,305
9849,305
10274,305
10341,305
11410,305
11817,305
8213,306
7284,306
9644,306
1905,306
2564,306
8455,306
8671,306
9779,306
10147,306
10437,306
10609,306
10667,306
10701,306
11090,306
11222,306
4741,307
11333,307
2723,307
2769,307
2888,307
3404,307
3645,307
3927,307
4846,307
5564,307
5795,307
5953,307
6203,307
6377,307
6478,307
6518,307
7924,307
8273,307
8302,307
8815,307
11358,307
11623,307
11266,308
1866,308
3324,308
4096,308
4183,308
4582,308
5665,308
6450,308
7403,308
7589,308
7819,308
8698,308
8748,308
10029,308
11478,308
7317,309
8153,309
10227,309
11527,309
1904,309
2575,309
3686,309
3992,309
4340,309
4880,309
4991,309
5744,309
6129,309
6171,309
6284,309
6524,309
11026,309
2070,310
2299,310
2396,310
2857,310
3438,310
4169,310
4961,310
6308,310
8680,310
9823,310
11347,310
11383,310
11792,310
6709,311
9663,311
11563,311
1844,311
2764,311
3209,311
3270,311
3294,311
3373,311
5614,311
6466,311
6763,311
7659,311
8091,311
9467,311
9814,311
4731,312
7327,312
1936,312
2496,312
2675,312
3786,312
4117,312
5073,312
5743,312
5988,312
6354,312
6571,312
7765,312
7964,312
8891,312
9029,312
9190,312
10881,312
7316,313
2013,313
2950,313
3585,313
4279,313
4381,313
4562,313
4897,313
4899,313
4907,313
7328,314
8162,314
8179,314
8187,314
9531,314
9727,314
2053,314
2621,314
2921,314
3129,314
3257,314
3306,314
4649,314
4654,314
5108,314
5121,314
5547,314
6153,314
7184,314
7251,314
7734,314
8085,314
6702,315
3227,315
4470,315
4575,315
5650,315
7373,315
7416,315
7598,315
7984,315
8892,315
9184,315
9943,315
10042,315
11114,315
11741,315
11783,315
7294,316
2065,316
3239,316
4003,316
4450,316
4608,316
4861,316
7999,316
8380,316
9003,316
11402,316
8168,317
1982,317
2425,317
3502,317
4294,317
5860,317
6353,317
6793,317
7388,317
7945,317
8114,317
9939,317
10098,317
10118,317
10601,317
10756,317
10796,317
2783,318
3035,318
3566,318
4065,318
4817,318
7256,318
8689,318
8841,318
9859,318
10288,318
11063,318
11264,318
11417,318
11818,318
11905,318
9738,319
10253,319
1917,319
2908,319
3200,319
3384,319
3533,319
3663,319
3888,319
5026,319
5924,319
5943,319
6212,319
7478,319
7709,319
7733,319
7882,319
9464,319
9495,320
1907,320
3994,320
4084,320
4661,320
8766,320
9000,320
9071,320
11740,320
8479,321
7265,321
1989,321
3377,321
4863,321
5504,321
6988,321
7949,321
8390,321
8615,321
8957,321
9352,321
9819,321
10479,321
10598,321
11240,321
11977,321
6721,322
8122,322
8143,322
2077,322
3789,322
5538,322
6734,322
6741,322
7084,322
7394,322
7452,322
7990,322
9133,322
9141,322
5467,323
6707,323
8126,323
9079,323
2001,323
2598,323
3163,323
4046,323
5648,323
6206,323
6898,323
8672,323
9216,323
6310,324
2037,324
3437,324
3666,324
3999,324
5064,324
5740,324
5761,324
5778,324
6225,324
6513,324
7201,324
7892,324
9121,324
10871,324
11708,324
11879,324
11965,324
11976,324
3620,325
4260,325
5632,325
7673,325
8718,325
8778,325
8779,325
9283,325
10360,325
11129,325
11488,325
11765,325
9500,326
11559,326
2094,326
3221,326
4256,326
5728,326
7367,326
7544,326
7691,326
7699,326
8097,326
9304,326
11448,326
11451,326
11901,326
11902,326
1886,327
2092,327
2649,327
3688,327
3951,327
4099,327
4670,327
6093,327
6109,327
6792,327
6959,327
7809,327
8564,327
9422,327
9423,327
10282,327
10919,327
11251,327
11475,327
11481,327
11672,327
4684,328
7267,328
7301,328
11289,328
2736,328
3178,328
4584,328
5013,328
6019,328
6510,328
6540,328
7247,328
7248,328
7867,328
8010,328
8723,328
8757,328
8924,328
9063,328
9367,328
9896,328
10003,328
10897,328
2307,329
3222,329
3223,329
3260,329
3474,329
3571,329
3712,329
5557,329
6026,329
6443,329
7825,329
7838,329
9313,329
10304,329
11893,329
11949,329
12007,329
5446,330
9669,330
2011,330
3677,330
3890,330
4334,330
4885,330
4985,330
5402,330
6933,330
8016,330
8413,330
8621,330
8858,330
9082,330
9307,330
10059,330
10128,330
10648,330
11405,330
7309,331
8166,331
11561,331
1949,331
2406,331
3075,331
3584,331
3695,331
4962,331
6528,331
6875,331
9358,331
5457,332
1950,332
1967,332
3428,332
6768,332
8101,332
8463,332
9792,332
11716,332
12063,332
4748,333
5489,333
9581,333
2149,333
3313,333
5403,333
5861,333
5983,333
6770,333
6837,333
7030,333
7115,333
7210,333
7608,333
7749,333
10117,333
10618,333
10757,333
11678,333
2033,334
2843,334
3084,334
3760,334
3785,334
4007,334
4665,334
5367,334
6453,334
6471,334
6553,334
6845,334
7371,334
8726,334
10925,334
10951,334
11738,334
8138,335
5416,335
1853,335
2717,335
3546,335
3830,335
3865,335
5092,335
5282,335
5374,335
7611,335
7687,335
8001,335
8467,335
8561,335
8818,335
9916,335
10348,335
10795,335
10972,335
11357,335
11683,335
10176,336
3702,336
4012,336
4058,336
4811,336
6239,336
6296,336
8456,336
10864,336
10877,336
11388,336
11673,336
4743,337
7272,337
2107,337
2385,337
2585,337
3850,337
3990,337
4022,337
6569,337
8000,337
8611,337
8776,337
8930,337
8189,338
9580,338
11307,338
2054,338
2236,338
2419,338
3181,338
3284,338
3312,338
3500,338
3613,338
3682,338
5789,338
7548,338
8552,338
9266,338
9346,338
9380,338
10374,338
6640,339
7263,339
3658,339
4100,339
4978,339
5317,339
5923,339
6482,339
7129,339
7181,339
8788,339
8876,339
9376,339
9938,339
10091,339
10381,339
11000,339
11864,339
5437,340
8148,340
1826,340
3459,340
3779,340
4628,340
5012,340
6764,340
7166,340
9096,340
9981,340
10459,340
10835,340
11089,340
2459,341
2777,341
4011,341
4351,341
5341,341
5536,341
5682,341
6572,341
6590,341
7495,341
8513,341
7289,342
10207,342
2172,342
3159,342
3238,342
3821,342
4090,342
4121,342
4843,342
5690,342
5965,342
6081,342
7550,342
7719,342
7881,342
8527,342
8584,342
8634,342
9237,342
9778,342
10552,342
10981,342
11002,342
2104,343
2245,343
2463,343
2768,343
2779,343
3108,343
3480,343
3971,343
3987,343
4199,343
4433,343
4635,343
5238,343
5830,343
10920,343
11770,343
11272,344
3885,344
4293,344
4463,344
4775,344
5312,344
6462,344
6795,344
6814,344
7024,344
7996,344
8973,344
9105,344
1843,345
1851,345
2238,345
3801,345
4258,345
5381,345
7361,345
8288,345
8387,345
8473,345
8753,345
8953,345
9315,345
9316,345
9377,345
5410,346
2455,346
2762,346
3149,346
3279,346
3780,346
5537,346
6991,346
9312,346
9773,346
10748,346
11263,346
11446,346
11923,346
4679,347
11285,347
1990,347
2222,347
2319,347
2745,347
4107,347
7046,347
7871,347
8737,347
9158,347
9818,347
10867,347
10893,347
11167,347
11389,347
11757,347
4716,348
10247,348
2732,348
3029,348
4009,348
4604,348
5126,348
5281,348
5937,348
6249,348
6473,348
8026,348
8060,348
8566,348
8952,348
9273,348
10599,348
10737,348
11305,349
2712,349
3736,349
3772,349
5098,349
6000,349
6010,349
6320,349
8086,349
8754,349
8937,349
9379,349
10126,349
11379,349
11904,349
12045,349
1934,350
2248,350
3775,350
4363,350
5207,350
6048,350
7413,350
7447,350
7636,350
7717,350
7849,350
8597,350
8935,350
9046,350
9360,350
9957,350
2773,351
3343,351
4019,351
6049,351
6912,351
7434,351
7793,351
8211,351
8373,351
8762,351
9325,351
10529,351
11121,351
11632,351
12021,351
12051,351
9715,352
10245,352
2558,352
3777,352
4188,352
4533,352
4995,352
5306,352
6542,352
7113,352
9453,352
10596,352
10656,352
11689,352
11768,352
11988,352
9568,353
10154,353
2006,353
2296,353
2942,353
4033,353
4968,353
5531,353
6467,353
6985,353
7017,353
8967,353
9243,353
9317,353
10114,353
10932,353
11082,353
12047,353
6710,354
2262,354
3707,354
3854,354
4029,354
5701,354
5886,354
7486,354
8673,354
6699,355
2448,355
2469,355
3526,355
4098,355
4145,355
4565,355
4783,355
6371,355
7529,355
8823,355
9462,355
9797,355
11054,355
11342,355
11356,355
11461,355
9699,356
9741,356
2269,356
3624,356
3661,356
4505,356
5877,356
5962,356
6173,356
7065,356
7832,356
9042,356
9310,356
7308,357
2844,357
2936,357
3621,357
4206,357
4424,357
4578,357
4603,357
4630,357
5866,357
5911,357
7200,357
7237,357
8549,357
8558,357
9218,357
9337,357
10616,357
11381,357
11431,357
9518,358
9674,358
11574,358
1948,358
1976,358
2536,358
2926,358
3014,358
3604,358
3734,358
4651,358
4770,358
4833,358
4882,358
7538,358
7695,358
7950,358
8227,358
10722,358
10765,358
10878,358
11441,358
1896,359
2709,359
3329,359
3489,359
3595,359
3795,359
4190,359
7864,359
9402,359
10359,359
10649,359
11296,360
4085,360
4280,360
4475,360
4798,360
5123,360
5344,360
6278,360
6884,360
8603,360
9206,360
9275,360
10554,360
11247,360
11960,360
10169,361
1855,361
3018,361
3104,361
3185,361
5559,361
5562,361
5616,361
6872,361
7770,361
8066,361
8070,361
10458,361
6669,362
9540,362
3177,362
3333,362
4159,362
4345,362
4554,362
5141,362
5642,362
5971,362
6014,362
7147,362
7168,362
8628,362
10090,362
10509,362
11184,362
6678,363
11550,363
2433,363
2570,363
4205,363
4383,363
5792,363
6500,363
6551,363
7831,363
8220,363
9255,363
9876,363
10329,363
1889,364
2002,364
2774,364
3125,364
3201,364
4538,364
4673,364
6783,364
8722,364
8816,364
9969,364
11728,364
7306,365
1828,365
2365,365
2757,365
2860,365
3087,365
3322,365
3842,365
4262,365
8547,365
8809,365
9030,365
9399,365
10956,365
11365,365
2256,366
2823,366
3086,366
3510,366
3982,366
3985,366
4259,366
4301,366
10548,366
11423,366
